{"stats":{"minecraft:used":{"minecraft:oak_log":517,"minecraft:oak_fence":3,"minecraft:cobblestone_stairs":2,"minecraft:acacia_log":178,"minecraft:spruce_wood":3,"minecraft:dead_bush":2,"minecraft:command_block":6,"minecraft:heavy_weighted_pressure_plate":12,"minecraft:carved_pumpkin":7,"minecraft:quartz_block":7,"minecraft:stone_button":7,"minecraft:oak_planks":34,"minecraft:green_wool":1,"minecraft:lily_pad":2,"minecraft:mycelium":9,"minecraft:sign":483,"minecraft:stone_slab":10,"minecraft:white_terracotta":970,"minecraft:stone":30,"minecraft:brown_mushroom":2,"minecraft:quartz_stairs":13,"minecraft:stone_bricks":1,"minecraft:green_terracotta":1,"minecraft:oak_leaves":548,"minecraft:white_wool":3685,"minecraft:jungle_wood":8,"minecraft:coal_block":21,"minecraft:dirt":84,"minecraft:soul_sand":9,"minecraft:cocoa_beans":1,"minecraft:cobblestone":2,"minecraft:snow":16,"minecraft:written_book":64,"minecraft:crafting_table":11,"minecraft:dark_oak_fence":74,"minecraft:red_mushroom":2,"minecraft:white_bed":9,"minecraft:acacia_leaves":4,"minecraft:skeleton_skull":3,"minecraft:stone_pressure_plate":21,"minecraft:note_block":15,"minecraft:spruce_fence":23,"minecraft:pumpkin":11},"minecraft:dropped":{"minecraft:sign":2},"minecraft:custom":{"minecraft:time_since_rest":194158,"minecraft:sprint_one_cm":5807066,"minecraft:damage_taken":920,"minecraft:walk_one_cm":9502756,"minecraft:drop":277,"minecraft:damage_dealt":15,"minecraft:tune_noteblock":1,"minecraft:interact_with_crafting_table":14,"minecraft:fly_one_cm":44352690,"minecraft:play_one_minute":4031689,"minecraft:crouch_one_cm":3493291,"minecraft:deaths":4,"minecraft:sneak_time":41038,"minecraft:jump":5608,"minecraft:leave_game":70,"minecraft:time_since_death":1526389,"minecraft:walk_on_water_one_cm":1989,"minecraft:climb_one_cm":786},"minecraft:picked_up":{"minecraft:cocoa_beans":3,"minecraft:sign":3}},"DataVersion":1631}