{"stats":{"minecraft:custom":{"minecraft:jump":32,"minecraft:time_since_rest":51,"minecraft:sprint_one_cm":1972,"minecraft:damage_dealt":20,"minecraft:play_one_minute":2382,"minecraft:leave_game":2,"minecraft:deaths":2,"minecraft:damage_taken":940,"minecraft:time_since_death":30,"minecraft:walk_one_cm":6273,"minecraft:sneak_time":7,"minecraft:fall_one_cm":1095,"minecraft:fly_one_cm":5787},"minecraft:used":{"ocm:thesilverwitch_spawn_egg":3},"minecraft:mined":{"ocm:myrtille_1":1},"minecraft:picked_up":{"ocm:myrtille_1":1},"minecraft:killed_by":{"ocm:thesilverwitch":2}},"DataVersion":2586}